Time,BTC Marketcap,BTC Price USD,BTC Volume 24H,ETH Marketcap,ETH Price BTC,ETH Price USD,ETH Volume 24H,USDT Marketcap,USDT Price BTC,USDT Volume 24H,Coinmarketcap,Total Coin Volume 24H,Coinmarketcap Altcoin,Altcoin Volume 24H,BTC Dominace,ETH Dominace,USDT Dominace,TOP Coin Dominace,Top Coin Marketcap,Top Coin 24h Volume,Alt-coin Dominace,Alt-coin Marketcap,Alt-coin 24h Volume,Alt-USD Marketcap,Alt-USD Volume 24H,Alt-USD Dominatce,Avg Alt USD,Avg USD,Avg BTC,Avg CoinTop,All USD Cap,Avg All USD,All USD Dominance,Avg USD,USD Volume
"43467,92986",67560587065,"3869,718272",4700882157,15790386914,"0,03916946875","151,6052246",2904155676,1890633520,"0,0002628045682",3849777441,132037166287,15212817202,64501219102,10522983394,"51,1492",11959,"1,431894953","35,77484694",47236094144,5332364646,"11,62540214",15349851558,1329792958,838725436,196872638,"0,6352192035","0,6271124917","1,431803516","51,17713846","35,78920858",2729358956,2715675281,"2,067114156","2,058916008",4046650079
"43467,92292",67591327524,"3871,481678",4696730815,15841161002,"0,03928654232","152,0927121",2906686808,1890008398,"0,0002626583311",3847303685,132209719991,15288504025,64561248350,10570388452,"51,1675","11,9766","1,429553287","35,80094243",47332325737,5340382322,"11,64517884",15396058332,1404087203,826943519,196642939,"0,6254786101","0,6266290716","1,43237576","51,17932308","35,78358266",2716951917,2715186367,"2,055031897","2,059004832",4043946624
"43467,9125",67577583508,"3870,705536",4711715787,15833414750,"0,03925879098","152,0187362",2907751830,1889251841,"0,0002624954022",3854300024,132240081596,15232663477,64548459950,10533873428,"51,1884","11,9615","1,428652961","35,76960645",47301756756,5354482024,"11,69954624",15471489491,1312165642,827371823,197684302,"0,6256588872","0,6268975457","1,433168312","51,18236154","35,78217055",2716623664,2715210095,"2,054311848","2,060065858",4051984326
"43467,90209",67628419655,"3873,617326",4698054395,15813082958,"0,03913115347","151,8235279",2887082067,1896532997,"0,0002629880515",3835091649,132377635007,15138543286,64701298414,10469641841,"51,1237","11,9931","1,432668741","35,73756577",47308544377,5326268125,"11,74226898",15544137978,1279129117,827827814,196604354,"0,6253532283","0,6270345659","1,433931943","51,17719231","35,7791685",2724360811,2715195932,"2,058021969","2,060966508",4031696003
"43467,89167",67675690955,"3876,327816",4651654454,15830065263,"0,0392193936","151,9869931",2856226568,1887905263,"0,0002620998015",3792653425,132364992420,15201548894,64619146425,10504966790,"51,1811","11,9603","1,426287441","35,7523998",47323661282,5284361554,"11,69322389",15477734920,1472879461,827261457,195525317,"0,6249850824","0,6273301117","1,434451035","51,18281538","35,78063039",2715166720,2714928937,"2,051272523","2,061781146",3988178742
"43467,88125",67729765001,"3879,425069",4683888076,15888022512,"0,03925766647","152,5438368",2908056008,1892009611,"0,0002619661616",3753015934,132621780042,15236863680,64881595719,10524238105,"51,0777","12,0325","1,426620583","35,80077071",47479619378,5364496294,"11,70274298",15520386052,1435463376,826258923,194092174,"0,6230190265","0,6276352865","1,435509227","51,18542308","35,77441366",2718268534,2714911741,"2,049639609","2,063144513",3947108108
"43467,87083",67804924677,"3883,743856",4716433640,15955903577,"0,03950493554","153,195969",2926333425,1883271643,"0,0002612817222",3769046457,132707365783,15559549801,64885095726,10708439984,"51,1066","11,9913","1,419116137","35,86939137",47601324408,5403657376,"11,61792713",15417845055,1670412328,825431666,195083079,"0,6219938593","0,6281403849","1,436464595","51,20178462","35,77246275",2708703309,2714847718,"2,041109996","2,06460498",3964129536
"43467,86042",67716152456,"3878,659144",4820766996,15850466613,"0,03917331062","152,1836467",2927161188,1884985638,"0,0002610492072",3895216452,131917091743,15250961613,64420913228,10494065039,"51,1656","11,9294","1,428916915","35,97508924",47457291479,5381102854,"11,26363686",14858662170,1153875311,826094588,192258604,"0,6262225592","0,6289372844","1,438425752","51,22326923","35,76326241",2711080226,2715101418,"2,055139474","2,067363037",4087475056
"43467,85",67539371125,"3868,541848",4744581782,15758733565,"0,03913145909","151,3032666",2878426119,1887737864,"0,0002626706008",3834677472,131879659539,15108709404,64394542937,10388488916,"51,1717","11,9327","1,431409416","35,81615328",47234221011,5297768011,"11,5395578",15218329539,1231682139,825949336,189335402,"0,626290164","0,6297489396","1,440014631","51,2428","35,72736447",2713687200,2715274808,"2,05769958","2,069763571",4024012874
"43467,83958",67327521576,"3856,410112",4697971168,15633654399,"0,03888441311","150,1026702",2827312140,1887228024,"0,0002630289497",3766581336,131336401763,14984469702,64060734651,10301839623,"51,2239","11,8648","1,436942081","35,8137866",47036538652,5217137873,"11,48585869",15085113511,1302779325,825598984,186923050,"0,6286139813","0,6305328767","1,441507321","51,26030769","35,70440147",2712827008,2715053851,"2,065556062","2,072040198",3953504386
"43467,82917",67235400994,"3851,13911",4676686498,15601479985,"0,03889456822","149,7941666",2817559326,1886983741,"0,0002636053712",3756197839,131092455893,14913969098,63906095476,10250622787,"51,2511","11,8619","1,439429697","35,7784919",46902903709,5213306611,"11,49354274",15067167449,1267778150,825170083,186883105,"0,629456575","0,6310645024","1,442271123","51,27360769","35,68025335",2712153824,2715317217,"2,068886272","2,073335626",3943080944
"43467,81877",67124600668,"3844,79264",4657494397,15543745620,"0,03882926605","149,2398429",2801052674,1887333647,"0,0002641892394",3732571580,130967878996,14834671728,63831629147,10191801340,"51,2616","11,8375","1,441066055","35,70901288",46767336781,5186592414,"11,59720079",15188607900,1258013337,825829165,183985018,"0,6305585548","0,6316111715","1,442974225","51,28521538","35,66312035",2713162812,2715579386,"2,07162461","2,074585396",3916556598
"43467,80833",67128489251,"3845,020878",4638933575,15515596181,"0,03874408101","148,9699449",2781444286,1889262873,"0,0002643571983",3717869627,131118004779,14808958813,63940092686,10172714793,"51,2347","11,8439","1,440887448","35,66165423",46758849494,5159299804,"11,70045501",15341403161,1292855807,825535558,182617823,"0,6296126603","0,6320834145","1,44373547","51,29736154","35,65056315",2714798431,2715854837,"2,070500108","2,075818884",3900487450
"43467,79792",67225596408,"3850,591414",4627438787,15542491753,"0,03876097759","149,2285776",2768429046,1889891490,"0,0002641019668",3703029665,131303181078,14797239047,64105383163,10158724532,"51,1776",11881,"1,439334123","35,70170988",46877480769,5140890474,"11,66019916",15310212411,1325880121,825811323,180683301,"0,6289347419","0,6325210458","1,444179935","51,31066154","35,63694434",2715702813,2716035663,"2,068268865","2,07670098",3883712966
"43467,7875",67250670841,"3852,030291",4631201041,15597656592,"0,03890048433","149,7586013",2764073679,1889199355,"0,0002640177132",3698524951,131207478580,14745650177,64020079067,10111647489,51207,"11,8817","1,439856459","35,78258511",46949427697,5140234267,"11,52234678",15118180687,1275689918,825254070,181296297,"0,6289687744","0,6330813897","1,444849812","51,32543846","35,62737794",2714453425,2716220591,"2,068825233","2,077931202",3879821248
"43467,77708",67151759269,"3846,364766",4626932239,15595405885,"0,03896218955","149,7369915",2759310773,1890039648,"0,0002645923051",3675090952,131382296495,14665155966,64218041486,10054047583,"51,1212","11,9078","1,438580158","35,73057971",46943656168,5138351497,"11,71911423",15396841410,1224781278,824345278,179810858,"0,6274401498","0,6335562019","1,445391489","51,34034615","35,60600936",2714384926,2716451215,"2,066020307","2,078947691",3854901810
"43467,76667",67076687686,"3842,064764",4585758235,15581075049,"0,03896093052","149,5998253",2734847145,1886580919,"0,0002643417224",3618593029,131065632773,14524011840,63964269354,9950892091,"51,1968","11,8875","1,439416939","35,75657036",46864575197,5087536474,"11,62607516",15237788971,1232124102,824658832,178625105,"0,6291953234","0,6342196759","1,446111305","51,36183077","35,59411424",2711239751,2716695664,"2,068612262","2,080330981",3797218134
"43467,75625",67121198398,"3844,617142",4566757102,15564756526,"0,03888902659","149,4435275",2718715583,1889281869,"0,0002645079701",3595782037,131196126860,14513977158,64003993585,9929888265,51215,"11,9063","1,440043936","35,67158234",46799734417,5053359625,"11,72741341",15385912176,1298078394,825161129,176735778,"0,6289523546","0,6349386919","1,44708476","51,38641538","35,58423828",2714442998,2717094667,"2,06899629","2,082023452",3772517815
"43467,74583",67170314028,"3847,435933",4569797964,15600933297,"0,0389907061","149,7912563",2695286439,1884014067,"0,0002638461863",3565109400,130921557408,14325825265,63771339494,9781481265,"51,2904","11,8493","1,439040372","35,77540885",46837722441,5027956252,"11,47978008",15029506872,1162961649,824262888,176867995,"0,6295853061","0,6356690138","1,448146487","51,41021538","35,56281719",2708276955,2717278708,"2,068625678","2,083815501",3741977395
"43467,73542",67007696525,"3838,121395",4532059564,15524980456,"0,03883335057","149,0620005",2646123675,1883836590,"0,0002640421068",3509675856,130404403291,14138671546,63394944567,9633808026,"51,3859","11,7529","1,444611181","35,74978701",46619296431,4954240384,"11,4210666",14893573745,1142695742,824616876,175034216,"0,6323535519","0,636427477","1,449424535","51,42950769","35,53942604",2708453466,2717770891,"2,076964733","2,085852012",3684710072
43467725,66982022289,"3836,653442",4489073998,15282699478,"0,03829349302","146,736179",2591714062,1889450129,"0,0002652865636",3467315781,130345348726,14061630372,63322455755,9585262158,"51,4195","11,7073","1,449572346","35,50841592",46283568558,4884365471,"11,65389321",15190307750,1220875122,830005392,173494336,"0,6367740776","0,6368662401","1,450328111","51,44168462","35,51221351",2719455521,2718238618,"2,086346423","2,087194351",3640810117
"43467,71458",67026708090,"3839,223989",4471766581,15261587454,"0,03820772826","146,5338696",2577966168,1890816968,"0,0002652495968",3453485925,130327972692,14089624271,63340296812,9601164609,"51,3993","11,7065","1,450814379","35,51763431",46289412750,4868799710,"11,60229425",15121034884,1295572055,829513234,171614899,"0,6364813454","0,6371834109","1,450871222","51,46061538","35,50310305",2720330202,2718233848,"2,087295725","2,088054633",3625100824
"43467,70417",67089449660,"3842,834273",4482738848,15293262380,"0,03826608608","146,8383277",2582478487,1888530640,"0,0002647833624",3454567883,130525110695,14069975931,63439373596,9589592981,"51,3968","11,7109","1,44687151","35,4998611",46336232997,4880879736,"11,6536177",15210897398,1251789464,829519861,171228788,"0,6355251159","0,6375120784","1,451654542","51,48070769","35,47468677",2718050501,2718267969,"2,082396626","2,08916662",3625796671
"43467,69375",67080420694,"3842,317101",4472491651,15300952777,"0,0382877771","146,9121671",2576629966,1889726754,"0,0002649680093",3450177693,130454637021,13989043891,63398361099,9534482427,51402,"11,6906","1,448570014","35,55576288",46384141406,4876845006,"11,57517165",15100348167,1189529541,830426307,169675537,"0,6365632728","0,6378154094","1,452476207","51,50296923","35,44912332",2720153061,2718455422,"2,085133287","2,090291617",3619853230
"43467,68333",66970654528,"3836,032632",4459742332,15231014145,"0,0381087429","146,2409798",2554579371,1890307768,"0,0002650208833",3424145629,130279597656,13926448570,63290453423,9493680768,"51,4195","11,6696","1,45096224","35,54576921",46308885117,4849435313,"11,59794052",15109750243,1193125296,829487220,167568420,"0,6366977139","0,6380860763","1,453311167","51,52112308","35,42583117",2719794988,2718675635,"2,087659954","2,091397244",3591714049
"43467,67292",67037965764,"3839,896311",4430611783,15216767872,"0,03808743566","146,1045428",2542818051,1888015703,"0,0002647985847",3408881452,130508103748,13980475851,63417055392,9528584420,"51,4076","11,6803","1,446665493","35,48460969",46310291233,4836668904,"11,70182587",15271831048,1304313712,829120421,165273314,"0,635301868","0,6382514291","1,453793391","51,5383","35,39860298",2717136124,2718974839,"2,081967361","2,09204482",3574154766
"43467,66252",67093712653,"3843,092322",4448053164,15255702000,"0,03814586273","146,478753",2546968671,1888016668,"0,0002645274072",3418482433,130384061428,13942343168,63406128370,9497400903,"51,3697","11,6993","1,448042535","35,57734671",46387189583,4856142521,"11,51608744",15015142524,1219665050,829528449,166086776,"0,6362192126","0,6385658485","1,454692495","51,55315385","35,3799036",2717545117,2719414544,"2,084261747","2,093258344",3584569209
"43467,65208",67002002198,"3837,839196",4426216611,15249231193,"0,03818648294","146,416623",2533827392,1887651770,"0,0002648702599",3404336891,130461956295,13895809913,63403522357,9479378819,"51,4008","11,6944","1,446898256","35,50479362",46320248338,4839533932,"11,69080583",15252053989,1225722479,828617807,165815034,"0,635141332","0,6388772483","1,455631025","51,57158462","35,35759219",2716269577,2719775410,"2,082039588","2,094508274",3570151925
"43467,64167",67099800868,"3843,449198",4414804029,15267948996,"0,038227697","146,5966964",2519459435,1888212226,"0,0002649090531",3389182550,130407002191,13747542365,63377110692,9362324770,"51,4005","11,7182","1,44793776","35,57594308",46393520876,4835103746,"11,52197962",15025468221,1108452040,829473706,164381132,"0,6360653125","0,6392328093","1,456572484","51,59082308","35,33645124",2717685932,2720171679,"2,084003072","2,095805294",3553563682
"43467,63125",67001826304,"3837,837255",4372289109,15243998679,"0,03814801636","146,367109",2464606502,1885566728,"0,000264400587",3319766033,129853541471,13607069975,62957689223,9231964123,"51,5164","11,6241","1,452071855","35,62818297",46264457342,4750871338,"11,32174828",14701691097,1164143495,829170091,163001145,"0,6385425315","0,639487815","1,457389286","51,61073077","35,30969578",2714736819,2720579475,"2,090614386","2,096877101",3482767178
"43467,62083",66887575150,"3831,295848",4371106762,15080927580,"0,03786075013","144,8017349",2419892851,1887698346,"0,0002655461979",3293268828,129841663852,13526805137,62941491399,9171853641,"51,5244","11,5965","1,453846393","35,39310804",45955000374,4692516883,"11,63832127",15111389982,1169912664,828969610,163445022,"0,6384465397","0,6396908326","1,457936681","51,61686923","35,28283064",2716667956,2721099954,"2,092292932","2,097627514",3456713850
"43467,61042",66832933519,"3828,165995",4337583360,15077027618,"0,03786382196","144,7642889",2392029281,1886387007,"0,000265451906",3251849720,129590253807,13349854317,62797869839,9042743385,"51,5412","11,5566","1,455654998","35,47132395",45967378734,4643393499,"11,50052115",14903554547,1117027738,828658822,162605656,"0,6394453268","0,6398386155","1,458344718","51,62326923","35,27188869",2715045829,2721413199,"2,095100325","2,098183334",3414455376
"43467,60001",66854289560,"3829,397378",4306573502,14989596071,"0,03764218162","143,925152",2356059974,1888171696,"0,0002656878018",3215875133,129650273171,13298778881,62823054613,8993618475,"51,5442","11,5338","1,456357669","35,3960241",45891041939,4595560115,"11,58252089",15016769976,1180770131,827243256,161753065,"0,6380574724","0,6399737139","1,458704494","51,63199231","35,25727791",2715414952,2721827010,"2,094415141","2,098678208",3377628198
"43467,58958",66733810314,"3822,507303",4289601567,14878421737,"0,03740438685","142,8580389",2302676510,1880687894,"0,000264927248",3176699020,129112011600,13218812734,62405502258,8911089697,"51,6656","11,3825","1,456632788","35,38998003",45692715123,4523114826,"11,46663125",14804798269,1229397321,827475394,159945439,"0,6408972982","0,6400789551","1,458738793","51,63710769","35,23821626",2708163288,2722286641,"2,097530086","2,098817748",3336644459
"43467,57917",66644667090,"3817,409496",4315037518,14696985376,"0,03695567503","141,11628",2282587505,1890353293,"0,0002663416228",3182924713,129387849930,13192311229,62545426288,8892559766,"51,6605","11,3645","1,460997531","35,14822266",45477529592,4505835201,"11,88310955",15375299955,1188513797,829057853,160222711,"0,6407540225","0,6399713578","1,458790426","51,63526154","35,22456355",2719411146,2723009438,"2,101751554","2,098761784",3343147424
"43467,56875",66912285012,"3832,738662",4291975443,14702049545,"0,03686708624","141,1649048",2277661693,1889661774,"0,0002655144715",3167160025,129646164459,13163461143,62636980602,8870626971,"51,6862","11,3568","1,457553165","35,16753622",45593361850,4497114605,"11,76344544",15250855823,1207211070,829046279,159393992,"0,6394684196","0,63983133","1,458431607","51,63253846","35,23047455",2718708053,2723431655,"2,097021585","2,098262937",3326554017
"43467,55833",66917757067,"3833,052102",4313570780,14729426256,"0,03688719507","141,4281071",2274638161,1890780720,"0,0002653219085",3162308179,129556597589,13166153328,62656158459,8861804669,51638,"11,3725","1,459424495","35,25296489",45672541857,4503194080,"11,63624101",15075517945,1187080289,829268386,159263050,"0,6400819421","0,6400074858","1,458472512","51,62879231","35,238257",2720049106,2723930352,"2,099506437","2,098479997",3321571229
"43467,54792",66905753291,"3832,370013",4301688364,14707432829,"0,03682897651","141,2173382",2269990151,1890519151,"0,000265261825",3156944872,129733649953,13232488682,62735577953,8902931541,"51,6428","11,3462","1,457231144","35,19180277",45655610224,4496263828,"11,77933966",15281767287,1277591618,828799920,158190693,"0,6388473001","0,6401388094","1,458446318","51,63129231","35,23801856",2719319071,2724083141,"2,096078444","2,098585127",3315135565
"43467,5375",66935516125,"3834,074832",4328229224,14721479720,"0,03684458334","141,3525643",2278463910,1891174272,"0,0002652122331",3168783363,129678697194,13210974426,62763518708,8887034692,"51,6007","11,3678","1,458353849","35,2415178",45700741154,4506369612,"11,68369668",15151265643,1207592227,829151741,158990042,"0,6393893206","0,6403394288","1,458649272","51,63096154","35,24009991",2720326013,2724300291,"2,09774317","2,098988701",3327773405
"43467,52708",66884486383,"3831,151842",4318672343,14733693316,"0,03690955879","141,4698367",2275398936,1891055209,"0,0002654429853",3173510119,129502737396,13195108173,62667285983,8869037810,"51,6093","11,3601","1,460243426","35,28729837",45698017345,4511704445,"11,6052979",15029178459,1191221266,829163822,158659400,"0,6402674095","0,6405138911","1,458693466","51,6328","35,23703552",2720219031,2724458218,"2,100510835","2,099207357",3332169519
"43467,51667",66822791928,"3827,626088",4321698669,14712681293,"0,03684280569","141,2684461",2267873362,1891264743,"0,0002653700445",3172101977,129615276239,13183443021,62667879351,8877408788,"51,6509","11,3508","1,459137224","35,22996123",45663411569,4503575211,"11,75618217",15237807999,1186067164,829231390,158295313,"0,6397636251","0,6407230311","1,458879316","51,63256154","35,23620738",2720496133,2723991851,"2,098900849","2,099602347",3330397290
"43467,50625",66948134998,"3834,808625",4305093923,14734957540,"0,03688987066","141,4827029",2264538958,1891880229,"0,0002653930018",3165744516,129709109283,13224129645,62702249638,8906190213,"51,6593","11,3548","1,45855618","35,22812206",45694083339,4497104130,"11,69926368",15175010717,1256187076,829334604,158223804,"0,6393803863","0,6408377913","1,458895298","51,63033077","35,2310208",2721214833,2723854226,"2,097936566","2,09973309",3323968320
"43467,49584",66902120043,"3832,186485",4330387641,14734178912,"0,03693521224","141,4756157",2272143612,1888999010,"0,0002653278147",3182074503,129455493070,13256683238,62661433984,8919141900,"51,5962","11,3654","1,459187992","35,27893614",45670520727,4519135904,"11,58224571",14993853290,1225085190,830045009,161219302,"0,6411817601","0,6409623004","1,458991402","51,62529231","35,23563472",2719044019,2723743884,"2,100369752","2,099953703",3343293805
"43467,48542",66889448117,"3831,460631",4328534956,14715737750,"0,03683955386","141,2985461",2254201337,1890785317,"0,0002652228475",3186846033,129581207053,13224795174,62707504263,8886989276,"51,6076","11,3553","1,459150875","35,25086268",45678493359,4496450101,"11,67027272",15122480260,1212964084,829796218,161357541,"0,6403677176","0,6409618174","1,458898977","51,62713846","35,2363215",2720581535,2723680924,"2,099518593","2,099860795",3348203574
43467475,66848300266,"3829,106513",4326560075,14701333699,"0,03682390369","141,1605632",2262376275,1890199264,"0,000265287066",3185412261,129436261711,13215193717,62576476302,8908725086,"51,6546","11,3169","1,460332089","35,28138383",45666904313,4514914705,"11,61255561",15030857868,1188306676,829947389,161604085,"0,6412016061","0,6409509309","1,458651742","51,62554615","35,2330149",2720146653,2723612758,"2,101533695","2,099602673",3347016346
"43467,46458",66840825605,"3828,680992",4320329878,14653626863,"0,03667943667","140,7028414",2260926241,1889840482,"0,0002650555976",3203242250,129725142578,13385707941,62773064723,9031500815,"51,6107","11,3448","1,45680355","35,14822266",45596081963,4529617207,"11,8700155",15398394528,1332518606,829495782,162623830,"0,6394256083","0,6409190732","1,458520572","51,61821538","35,23742382",2719336264,2723622964,"2,096229158","2,099439645",3365866080
"43467,45417",66914107168,"3832,884091",4352837173,14711340244,"0,03680189095","141,2573315",2294784648,1891256398,"0,0002650950327",3224122591,129777752281,13346847875,62758469016,9000275884,"51,6416","11,3101","1,457304018","35,21249487",45697984370,4587643339,"11,76966319",15274404345,1182244772,829926823,164281093,"0,6394985338","0,6411519164","1,458878599","51,61612308","35,25225141",2721183221,2723609268,"2,096802551","2,100030515",3388403684
"43467,44377",67042583513,"3840,2433",4342697850,14700846818,"0,03669670734","141,1565743",2262669112,1892461450,"0,0002646945951",3217488581,129947038546,13621927034,62861696153,9202038095,"51,6251","11,3216","1,456332881","35,22506568",45773929673,4573155032,"11,72636489",15238063910,1488585571,830275370,164072954,"0,6389336604","0,6412030567","1,459105178","51,61477692","35,24955528",2722736820,2723401210,"2,095266541","2,100308235",3381561535
"43467,43333",67088528995,"3842,880591",4414751545,14718343767,"0,03674402611","141,3249714",2341828889,1892637081,"0,0002647446683",3259737721,129802938241,13568455004,62775995321,9162623547,"51,6375","11,3354","1,45808493","35,26870801",45779819282,4649985887,"11,58829922",15041952883,1243979851,833021318,164308872,"0,641758445","0,6411502833","1,45914302","51,6127","35,24792418",2725658399,2723293194,"2,099843375","2,100293304",3424046593
"43467,42293",67095498602,"3843,288181",4405170611,14711811656,"0,03669586169","141,2626423",2334692133,1894128366,"0,0002647227199",3249553243,129816267947,13569372533,62739537066,9175161510,"51,6705","11,3177","1,459083978","35,24986512",45760059351,4640275499,"11,60608132",15066581628,1274373180,833146721,164064722,"0,6417891488","0,6408846808","1,459131963","51,61274615","35,25097486",2727275087,2723293881,"2,100873126","2,100016643",3413617965
"43467,41251",67052197537,"3840,813358",4406757706,14697090811,"0,03670559126","141,1216445",2340190876,1895333779,"0,0002652261502",3249746603,129828982491,13578611518,62787304701,9171209880,"51,6385","11,3204","1,459869547","35,21886041",45724288117,4650868718,"11,67471451",15157163058,1271238491,832794958,165198032,"0,6414553531","0,6406675311","1,459110921","51,61102308","35,24732133",2728128737,2723244371,"2,1013249","2,099778452",3414944635
"43467,40208",67022383240,"3839,105567",4400926460,14687268811,"0,03673165077","141,0273336",2336030630,1893693566,"0,0002653621022",3245977486,129800311290,13589035691,62791387659,9177502748,"51,6246","11,3233","1,45892837","35,20168066",45691891076,4641463033,"11,70439674",15192343408,1300668712,832873212,164916583,"0,6416573302","0,6402301999","1,458943024","51,61272308","35,24209065",2726566778,2722759284,"2,1005857","2,099173224",3410894069
"43467,39168",66936680385,"3834,204553",4401138313,14677511136,"0,03674967612","140,9339653",2335795625,1893703004,"0,0002656695354",3247439097,129469848377,13542633647,62655324826,9141941210,"51,6062","11,3258","1,462659475","35,27653264",45672473327,4639926377,"11,5602141",14966991661,1254129860,832473296,165030484,"0,6429862292","0,6405775555","1,459863802","51,59896154","35,27942915",2726176300,2722334153,"2,105645704","2,100441358",3412469581
"43467,38125",66950688684,"3835,009819",4385753481,14668331231,"0,03669523508","140,8461506",2315391164,1895133901,"0,0002656419357",3233397277,129861952318,13562243911,62824786446,9159175171,"51,6219","11,3178","1,459344995","35,16253568",45662755322,4603971880,"11,82284275",15353374411,1339121273,832746923,164717602,"0,6412555087","0,6409275511","1,460999394","51,58544615","35,28643865",2727880824,2721734765,"2,100600503","2,101926945",3398114879
"43467,37083",67000614851,"3837,877779",4401823272,14730146225,"0,03679221752","141,440072",2321292951,1895456106,"0,0002652706921",3238634853,129843055364,13536985675,62852043932,9143865442,"51,5938","11,3353","1,459805533","35,288103",45819151114,4618620872,"11,65086053",15127833293,1277906678,832292692,165729684,"0,6409990043","0,6414605985","1,462592915","51,56704615","35,30624269",2727748798,2720970887,"2,100804537","2,104053514",3404364537
"43467,36042",66996652807,"3837,650828",4386149631,14720310046,"0,03677751142","141,3456242",2327572312,1892318404,"0,000264902604",3221962763,129789847148,13478871496,62792034495,9103688509,"51,6202","11,3253","1,457986465","35,28786426",45800065089,4622627360,"11,63481673",15100810848,1248131742,832180676,165561197,"0,6411754804","0,6419849934","1,46406446","51,55325385","35,30693881",2724499080,2720174444,"2,099161945","2,106049453",3387523960
"43467,35",66984771289,"3836,98123",4370460351,14710942503,"0,03677555378","141,2560361",2319049506,1892981245,"0,0002651493464",3210374405,130018090387,13499778949,62945797402,9118290832,"51,5869","11,3479","1,455936816","35,20787689",45776609203,4608381130,"11,81660845",15363728650,1310563063,832409871,165093643,"0,6402261935","0,6424971364","1,465662764","51,53473846","35,30828596",2725391116,2719461597,"2,096163009","2,1081599",3375468048
"43467,33961",67063202409,"3841,479375",4394286138,14782473120,"0,03689102283","141,9432162",2320574868,1894594084,"0,0002649197127",3203977332,129888877363,13650617180,62919044311,9202314646,"51,5593","11,3851","1,458626884","35,33869971",45901040329,4610664457,"11,57146081",15030040541,1441689253,832311633,195379815,"0,6407874561","0,6430755709","1,467472756","51,51933077","35,32203769",2726905717,2718836795,"2,09941434","2,110548327",3399357147
"43467,32917",66915709826,"3833,036271",4437452888,14756728120,"0,03688738142","141,6964049",2346743651,1893747443,"0,0002652363834",3215485850,129579336542,13648550830,62737806100,9190551045,"51,5835","11,3403","1,461457894","35,34098144",45794609282,4639003032,"11,5568349",14975269991,1356609060,832485778,196256252,"0,6424525702","0,6434624907","1,468814392","51,50216154","35,31475974",2726233221,2718170930,"2,103910464","2,112276882",3411742102
"43467,31878",66933346010,"3834,046499",4409021191,14694052448,"0,03672192084","141,0945833",2344225301,1897927996,"0,0002657582921",3197608782,129972852403,13464265583,62875499206,9087558420,"51,6241","11,3283","1,460249553","35,17744506",45721128751,4646299057,"11,86436195",15420449646,1211336553,832038576,180683765,"0,6401633577","0,6437641535","1,469752495","51,48465385","35,31737632",2729966572,2717592797,"2,10041291","2,113516648",3378292547
"43467,30833",67129251586,"3845,271139",4386242272,14742083494,"0,03671267002","141,5561433",2316723526,1899143998,"0,0002649947",3177752055,130361863757,13433182562,63097624338,9059339968,"51,5981","11,3302","1,456824828","35,20386144",45892409883,4615827365,"11,84476644",15441058290,1253360870,832031474,179903960,"0,6382476056","0,6440817256","1,470436601","51,45970769","35,32056486",2731175472,2716750201,"2,095072434","2,114518326",3357656015
"43467,29792",67220686566,"3850,511328",4350661246,14708150749,"0,03662137477","141,2306985",2297604450,1894452772,"0,0002642903846",3151677834,129940274883,13291047368,62841640703,8966846377,"51,6381","11,2862","1,457941176","35,30836691",45879789021,4586183550,"11,50170456",14945346524,1202524738,829416067,178796886,"0,6383056121","0,6448035003","1,471923077","51,43893077","35,34699104",2723868839,2716021072,"2,096246788","2,116726577",3330474720
"43467,2875",67043891835,"3840,389735",4313685341,14648528527,"0,03653014669","140,658519",2247378023,1894811134,"0,0002647544978",3125383260,129887412286,13250383521,62802990886,8941329703,"51,6481","11,2841","1,458810443","35,20236911",45723446303,4526167683,"11,72189263",15225263014,1285147237,829936667,179629508,"0,6389662034","0,6455449262","1,473891943",51416,"35,36249046",2724747801,2715494335,"2,097776646","2,119436869",3305012768
"43467,27708",67116436363,"3844,545211",4302290128,14677096186,"0,03657190107","140,9328322",2250919741,1896928808,"0,0002648368611",3116635591,130132803987,13152023591,62905430727,8884791140,"51,6606","11,3157","1,457686878","35,15086166",45742801906,4523521373,"11,81611126",15376636910,1209576499,827345389,177578091,"0,6357700469","0,6462014568","1,475317924","51,39583077","35,38043222",2724274197,2714828418,"2,093456925","2,121519381",3294213682
"43467,26667",66658671462,"3818,337428",4233504799,14696420505,"0,03686865419","141,1187476",2218431649,1881852702,"0,0002645149614",3031543035,127938991870,12760383949,62119914811,8629830471,"51,4457","11,3989","1,470898492","35,68708117",45657691877,4456656323,"10,74010013",13740775829,1038679792,826707163,173820565,"0,6461729539","0,6472750746","1,477231717","51,37823077","35,41493505",2708559865,2714103221,"2,117071446","2,124506792",3205363600
"43467,25625",65618776432,"3758,775615",4132123768,14544308636,"0,03710855351","139,6584417",2179657910,1889090223,"0,0002700545991",2980686590,127863941891,12839041341,62102837254,8672259360,"51,4305","11,4001","1,477422168","35,36765613",45222479279,4378680319,"11,83570265",15133595957,1347550664,827965274,171581121,"0,6475361715","0,6478933239","1,478708172","51,39167692","35,39963726",2717055497,2714000369,"2,12495834","2,126601496",3152267711
"43467,24583",65741992915,"3765,836292",4156480226,14548785783,"0,03706761819","139,7018213",2191610071,1890514865,"0,0002698763034",3004387584,127732246184,12766478038,62099966699,8623529208,"51,3827","11,3715","1,480060769","35,41998816",45242746478,4400957493,"11,63135572",14856991926,1204652735,827941419,173059658,"0,6481851245","0,6485924006","1,480052171","51,41017692","35,39189847",2718456284,2713608290,"2,128245893","2,128644572",3177447242
"43467,23542",65594426395,"3757,383379",4136684007,14483332912,"0,0369837379","139,0733231",2173823473,1889719001,"0,0002703685948",2992837930,127775609892,12739398175,62080387189,8605017663,"51,4145","11,3488","1,478935614","35,29715255",45101151944,4373570546,"11,88827239",15190312552,1236305692,827751021,173022219,"0,6478161378","0,6492572279","1,481327282","51,43227692","35,36946514",2717470022,2713249148,"2,126751752","2,13058451",3165860149
"43467,22503",65647935808,"3760,451308",4143252634,14499692538,"0,03699542739","139,2307508",2171561448,1890615711,"0,0002702764399",2990430288,127851041750,12726835657,62161859407,8597522606,"51,3795","11,3792","1,478764416","35,3053773",45138292672,4370069495,"11,86865383",15174197559,1223083240,828261674,172996124,"0,64783334","0,6499776984","1,482671556","51,45101538","35,35839459",2718877385,2712848972,"2,126597756","2,132649254",3163426412
"43467,21458",65775170002,"3767,747535",4131361679,14576170368,"0,03711651657","139,9654656",2170634793,1892027144,"0,0002699390552",2983731128,127885752980,12792790309,62169614535,8636776501,"51,3866","11,3759","1,479466711","35,38664938",45254483008,4369763432,"11,70112579",14964072826,1307934070,828374648,172963249,"0,6477458424","0,6509378714","1,484674396","51,4764","35,3496843",2720401792,2712359750,"2,127212554","2,135612268",3156694377
"43467,20417",65635097730,"3759,726684",4160266026,14549794868,"0,03713793575","139,7125212",2175237314,1891440489,"0,0002704999291",2998993689,128140458288,12782473723,62358184979,8629533074,"51,3361","11,4154","1,476068148","35,24408632",45161933728,4379807390,"12,05863203",15451986341,1243406618,827553393,174028702,"0,6458174132","0,6518174769","1,48639716","51,5021","35,31915136",2718993882,2711810176,"2,121885561","2,138214637",3173022391
"43467,19375",65732734287,"3765,319527",4146578654,14621111130,"0,03729353423","140,3973263",2174978395,1887907328,"0,0002698034015",2987027485,128110690323,12734799620,62318272328,8596416393,"51,3559","11,3953","1,473653232","35,374997",45319152855,4381566596,"11,84202178",15170895853,1219626885,828074432,172823936,"0,6463741862","0,6525503248","1,488176738","51,53416923","35,29780671",2715981760,2711468118,"2,120027418","2,140727063",3159851421
"43467,18333",65788213216,"3768,500075",4136161012,14598555282,"0,03716975991","140,1810873",2165564689,1890818879,"0,0002697381068",2974626381,128702172948,12757211332,62678193501,8613552153,"51,2998","11,3944","1,469142933","35,21889604",45327484497,4369632495,"12,19533128",15695656356,1276791444,829217541,172593649,"0,6442917956","0,6532553014","1,489882694","51,56438462","35,27036335",2720036420,2711531538,"2,113434729","2,143137995",3147220030
"43467,17292",66063157927,"3784,263197",4140319474,14687035744,"0,03717039274","141,0310748",2170557360,1894501262,"0,0002686391324",2970314826,128340786845,12786047711,62465965376,8622125897,51328,"11,3882","1,476149016","35,54740178",45621815148,4379463597,"11,50165343",14761312508,1295949814,831174306,173451311,"0,6476306764","0,6540704175","1,491882649","51,59559231","35,25304497",2725675568,2711483625,"2,123779692","2,145953067",3143766137
"43467,1625",65902549401,"3775,063138",4146349048,14580859176,"0,03697672492","140,0119387",2166762483,1897355179,"0,0002695901706",2978321531,127894073720,12679725314,62233270220,8561412797,"51,34",11375,"1,483536433","35,50985938",45415005738,4376742955,"11,47759468",14679163402,1178311780,828682168,176623707,"0,6479441493","0,6546200613","1,493254322","51,62584615","35,21998566",2726037347,2711149471,"2,131480582","2,147874383",3154945238
"43467,15208",65680467239,"3762,341716",4118464386,14572007360,"0,03717365009","139,9269396",2160607417,1888359805,"0,0002699048335",2954442050,127820902403,12628660122,62139032996,8523497813,"51,3859",11384,"1,477348203","35,43561194",45294118948,4352648750,"11,70227727",14957956411,1203104936,827641750,177350822,"0,6475011007","0,6550548995","1,493848775","51,65386154","35,18825214",2716001555,2710751433,"2,124849304","2,148903674",3131792872
"43467,14167",65775170684,"3767,769156",4106501590,14638226835,"0,03722237239","140,5631391",2145238278,1888369984,"0,0002690368283",2933401147,127371715113,12398288659,61862163869,8358515712,"51,4318","11,4123","1,48256619","35,59939853",45343564478,4327889880,"11,27770789",14364609967,1030496042,827568523,176663430,"0,6497270782","0,6555794873","1,494879654","51,67361538","35,16605786",2715938507,2710813214,"2,132293268","2,150459141",3110064577
"43467,13125",65498372277,"3751,924185",4024039357,14411047603,"0,03687770814","138,3820346",2078364164,1884027948,"0,0002701242635",2865661785,126436987653,12338538362,61169638320,8295660802,"51,6205","11,2649","1,490092403","35,48820988",44870223543,4215279323,"11,21852406",14184363885,1233557897,827163664,177740937,"0,6542101954","0,6558508967","1,495355599","51,69143846","35,1222449",2711191612,2710781411,"2,144302599","2,151206496",3043402722
"43467,12083",65193189987,"3734,450646",4061315575,14195695649,"0,03647583478","136,3144812",2052657202,1882087235,"0,0002709536698",2883209320,125901036387,12578292413,60846671130,8463725174,51671,"11,2031","1,494894156","35,26705183",44401583754,4181653044,"11,45675669",14424175411,1452114474,826696632,183370406,"0,6566241675","0,6558319195","1,495241424","51,68957692","35,08564671",2708783867,2710754407,"2,151518323","2,151073344",3066579726
"43467,11042",65039479922,"3725,645698",4109789398,14077069069,"0,03631312048","135,1753668",2096107705,1881920778,"0,0002719940441",2961894971,125743284137,12644689214,60771697303,8517689514,"51,67","11,1869","1,496637209","35,12835489",44171547107,4257227056,"11,6509891",14650336330,1315777789,825916948,185911862,"0,6568278804","0,6557144087","1,494947035","51,68670769","35,07504832",2707837726,2710932375,"2,153465089","2,150661443",3147806833
"43467,1",64983759009,"3722,469838",4123105799,14076866123,"0,03632779558","135,1738123",2098184855,1880718517,"0,0002719332584",2981412790,125681934788,12634298850,60757054774,8511345612,"51,6581","11,1982","1,496411175","35,15323545",44181266457,4261685620,"11,6454213",14636190805,1268094641,825959372,184665958,"0,6571822541","0,6556135508","1,494700299","51,68772308","35,07557188",2706677889,2711217413,"2,153593429","2,15031385",3166078748
"43467,08959",64879506275,"3716,51112",4103479886,14027370156,"0,03621729117","134,6988938",2078405078,1883347314,"0,0002724422109",2978589943,125155876920,12622429852,60438369348,8496121984,"51,7095","11,1355","1,504801341","35,19214343",44045035716,4232604595,"11,46409419",14347987615,1307755428,826423766,183329729,"0,6603155891","0,6553568315","1,494126637","51,6798","35,05691268",2709771080,2711467200,"2,16511693","2,149483469",3161919672
"43467,07917",64781839705,"3710,919222",4117142628,13933178247,"0,03607860005","133,7947594",2077973467,1883551704,"0,0002732625798",2987311471,125414378597,12616014401,60549157783,8500731684,"51,7207","11,1237","1,501862645","34,98972125",43882141473,4231705875,"11,85417963",14866845715,1279854427,826707395,184335874,"0,659180713","0,6548222668","1,492742887","51,66916154","35,035482",2710259099,2711625061,"2,161043358","2,147565153",3171647345
"43467,06875",64870933660,"3716,02282",4101571396,13956246414,"0,03604370809","134,0162738",2072933029,1886943023,"0,0002730377869",2977363120,125863105825,12562905663,60725115205,8467239883,51753,"11,1218","1,499202654","34,96660586",44010056139,4242263542,"11,99332632",15095173003,1241707605,824836862,183361058,"0,6553444368","0,6544636392","1,491720546","51,65580769","35,03331017",2711779885,2711769042,"2,154547091","2,146184185",3160724178
"43467,05833",65129577571,"3730,849489",4092043485,13976178052,"0,03603536246","134,2080119",2070611905,1883478455,"0,0002720840928",2953948571,125915219448,12541054119,60755771587,8443815466,"51,7487","11,0961","1,495830658","35,01823323",44093285220,4231257617,"11,76099146",14808878202,1263804446,825423221,183994796,"0,6555388813","0,6543663406","1,490996615","51,64340769","35,02503991",2708901676,2711777421,"2,151369539","2,145362955",3137943367
"43467,04792",65098578117,"3729,081636",4094701196,13975118659,"0,03599601194","134,1981324",2063133784,1886597441,"0,0002722570908",2942967377,126181793179,12598008392,60938877114,8481576891,"51,7055","11,1273","1,49514236","34,99375712",44155750236,4219343197,"11,91999813",15040867385,1340996622,826349807,184141916,"0,6548883053","0,6540517989","1,490145574","51,62936154","35,00991399",2712947248,2711938607,"2,150030666","2,144197373",3127109293
"43467,0375",65270267852,"3738,927353",4113196343,14047257204,"0,03611367455","134,8911343",2072744455,1884687117,"0,0002714685846",2965222142,126152034616,12582273825,60904621685,8469691779,"51,7213","11,1368","1,493980753","35,11763079",44301605753,4235079452,"11,64901853",14695473894,1268775888,826013304,185325154,"0,6547760458","0,6536869368","1,489146103","51,61872308","35,00719513",2710700421,2712081588,"2,148756799","2,142833039",3150547296
"43467,02708",65226967692,"3736,446956",4110384061,14070015968,"0,03614874423","135,1096791",2071715057,1882868878,"0,0002710309408",2953640039,126259902480,12572872320,60978262872,8455724010,"51,7042","11,1542","1,491264321","35,09732368",44313846655,4215328178,"11,75053914",14836219255,1293520042,825230992,185026566,"0,6535970453","0,6532947957","1,488138581","51,60421538","34,9919486",2708099870,2712144060,"2,144861367","2,141433377",3138666605
"43467,01667",65366800112,"3744,457085",4112009786,14091521573,"0,03614350705","135,3166026",2074273122,1880676570,"0,0002702622339",2958651908,126156433086,12574339676,61005824773,8451359264,"51,6427","11,1584","1,490749638","35,14708626",44340310360,4228174321,"11,54808018",14568646044,1275503661,825467710,185170843,"0,6543207428","0,6530251312","1,487459657","51,58913846","34,98590169",2706144280,2712260948,"2,145070381","2,140484788",3143822751
"43467,00625",65175461477,"3733,496486",4118481483,14065852886,"0,03618684528","135,0704568",2076331658,1880734442,"0,0002710877394",2964421019,126329474799,12682049770,61063279477,8532169676,"51,6635","11,1319","1,488753472","35,02982999",44253000247,4218826774,"11,88976575",15020278633,1380320494,825254117,185338935,"0,6532554009","0,6524412351","1,48640098","51,58047692","34,96574362",2705988559,2712674470,"2,142008873","2,138842215",3149759954
"43466,99583",65166086985,"3732,970171",4160580483,14056933652,"0,03616386761","134,9851837",2093200105,1880935759,"0,0002711157671",2995838574,126355332766,12716392080,61160664602,8547568556,"51,5963","11,1367","1,488608132","35,01243345",44240076801,4260176978,"11,92528474",15068233221,1299796045,826317746,187039494,"0,6539634916","0,6520766236","1,48549302","51,57311538","34,96764419",2707253505,2713032746,"2,142571624","2,137569644",3182878068
"43466,98542",65267436556,"3738,775874",4163087053,14067923433,"0,03616270775","135,0907157",2102060173,1882434813,"0,0002711111806",2995171537,126247492415,12691654338,61061227697,8535745642,"51,6337","11,1356","1,491067091","35,12927272",44349825916,4270912298,"11,68165391",14747795130,1262483450,827042938,187474533,"0,6550965268","0,6516562944","1,484677583","51,57090769","34,96589309",2709477751,2713057166,"2,146163618","2,136333877",3182646070
43466975,65124764288,"3730,611165",4157745860,14055035442,"0,03616022249","134,9672764",2099492512,1881577634,"0,0002712169299",2991281360,125990376017,12687819867,60874546819,8538781482,"51,6832","11,1315","1,493429652","35,13516119",44266921692,4250967627,"11,68114015",14717112403,1287825020,825887990,187162853,"0,6555167276","0,651117419","1,483734282","51,56716154","34,95211047",2707465624,2712966646,"2,14894638","2,134851701",3178444213
"43466,96458",65081883072,"3728,162657",4145782941,14020849926,"0,03616879615","134,6394081",2101674301,1880751504,"0,0002718224493",2990195666,126313644009,12817523752,61192541089,8618822627,"51,5551","11,1436","1,488953564","34,91066591",44096934264,4256225121,"12,07634796",15254075169,1425320024,825895324,186990219,"0,6538449037","0,6505254806","1,482414695","51,55313846","34,94127925",2706646828,2713016781,"2,142798467","2,132940176",3177185885
"43466,95418",65166211904,"3733,001491",4192588475,14072802945,"0,03626169432","135,1386082",2122202075,1880356778,"0,0002714569432",3035444310,126468984518,12831059743,61247408845,8629504181,"51,5712","11,1272","1,486812585","34,91354456",44154805266,4298915451,"12,07221725",15267610570,1304111507,826305659,189256683,"0,653366248","0,6501323308","1,481718062","51,5518","34,94766791",2706662437,2713114792,"2,140178833","2,131850393",3224700993
"43466,94375",65209128077,"3735,459915",4204049316,14092311234,"0,03624622932","135,3259428",2131323824,1882649752,"0,000271295973",3031331242,126473524786,12839270858,61280087703,8647733845,"51,5471","11,1237","1,488572217","34,96148749",44217025540,4312275768,"11,99043155",15164721417,1291614532,827792686,189109650,"0,6545185543","0,6496682362","1,480942912","51,54597692","34,94274843",2710442438,2713382920,"2,143090771","2,130611149",3220440892
"43466,93333",65247047536,"3737,637457",4193783053,14073777047,"0,03619191723","135,1482905",2127517197,1888457156,"0,0002720822516",3043267908,126759824840,12832683646,61362137312,8641497176,"51,5918","11,1021","1,489791547","34,8590924",44187324461,4309849689,"12,17814533",15436995687,1285782996,829110097,188584025,"0,654079554","0,6491691907","1,480071813","51,5413","34,94000195",2717567253,2713286089,"2,143871101","2,129241003",3231851933
"43466,92292",65469652676,"3750,389258",4198906033,14103468929,"0,0361568225","135,4337288",2123602683,1889715433,"0,0002714262675",3039767057,127273522691,13030436205,61643563106,8771199534,"51,5661","11,1289","1,484767132","34,82159624",44318672195,4309932944,"12,25351672",15595482387,1481830171,829123159,189015314,"0,6514498393","0,6487850254","1,47925732","51,54238462","34,9473069",2718838592,2713062422,"2,136216972","2,128042345",3228782371
