{
	"info": {
		"_postman_id": "62fba941-13ff-42f0-bed9-56a01b7e4d9f",
		"name": "ApiMail",
		"schema": "https://schema.getpostman.com/json/collection/v2.1.0/collection.json"
	},
	"item": [
		{
			"name": "App",
			"item": [
				{
					"name": "Auth",
					"item": [
						{
							"name": "Đăng nhập mailapp",
							"event": [
								{
									"listen": "test",
									"script": {
										"id": "b92f97ed-93d7-4711-9636-227097b116a1",
										"type": "text/javascript",
										"exec": [
											"var jsonData = JSON.parse(responseBody);",
											"postman.setEnvironmentVariable(\"token\", jsonData.access_token)"
										]
									}
								}
							],
							"request": {
								"auth": {
									"type": "bearer",
									"bearer": [
										{
											"key": "token",
											"value": "",
											"type": "string"
										}
									]
								},
								"method": "POST",
								"header": [],
								"body": {
									"mode": "formdata",
									"formdata": [
										{
											"key": "access_token",
											"value": "e062918c0f41b618aeddd9b7bd4f3aadd4d59c2d|b9ce9d19158f8465dfcc4733f9658805aae7c2e8a8ca5705fef926cd3985459f",
											"type": "text"
										}
									]
								},
								"url": {
									"raw": "{{uri_app}}/auth/login",
									"host": [
										"{{uri_app}}"
									],
									"path": [
										"auth",
										"login"
									]
								}
							},
							"response": []
						}
					],
					"_postman_isSubFolder": true
				},
				{
					"name": "List",
					"item": [
						{
							"name": "Search list",
							"request": {
								"auth": {
									"type": "bearer",
									"bearer": [
										{
											"key": "token",
											"value": "{{token}}",
											"type": "string"
										}
									]
								},
								"method": "GET",
								"header": [],
								"body": {},
								"url": {
									"raw": "{{uri_app}}/list/search?conditions[name]=test&sortBy=name&sortOrder=DESC&limit=30&page=1",
									"host": [
										"{{uri_app}}"
									],
									"path": [
										"list",
										"search"
									],
									"query": [
										{
											"key": "conditions[name]",
											"value": "test",
											"description": "Điều kiện search"
										},
										{
											"key": "sortBy",
											"value": "name",
											"description": "Sắp xếp theo field nào"
										},
										{
											"key": "sortOrder",
											"value": "DESC",
											"description": "DESC OR ASC"
										},
										{
											"key": "limit",
											"value": "30",
											"description": "Defalt = 30"
										},
										{
											"key": "page",
											"value": "1"
										}
									]
								}
							},
							"response": []
						},
						{
							"name": "Tạo mới list",
							"request": {
								"auth": {
									"type": "bearer",
									"bearer": [
										{
											"key": "token",
											"value": "{{token}}",
											"type": "string"
										}
									]
								},
								"method": "POST",
								"header": [],
								"body": {
									"mode": "formdata",
									"formdata": [
										{
											"key": "name",
											"value": "Test",
											"description": "Tên list",
											"type": "text"
										},
										{
											"key": "fields[0][key]",
											"value": "phone",
											"description": "Key extra field . Ex : name, phone, address ...",
											"type": "text"
										},
										{
											"key": "fields[0][default_value]",
											"value": "0868270515",
											"description": "Giá trị mặc định của extra field",
											"type": "text"
										}
									]
								},
								"url": {
									"raw": "{{uri_app}}/list/create",
									"host": [
										"{{uri_app}}"
									],
									"path": [
										"list",
										"create"
									]
								}
							},
							"response": []
						},
						{
							"name": "Sửa thông tin list",
							"event": [
								{
									"listen": "prerequest",
									"script": {
										"id": "cc6228bb-b509-4947-999b-fb38584476da",
										"type": "text/javascript",
										"exec": [
											""
										]
									}
								},
								{
									"listen": "test",
									"script": {
										"id": "42196c97-611d-4417-ab6c-ad908702df70",
										"type": "text/javascript",
										"exec": [
											""
										]
									}
								}
							],
							"request": {
								"auth": {
									"type": "bearer",
									"bearer": [
										{
											"key": "token",
											"value": "{{token}}",
											"type": "string"
										}
									]
								},
								"method": "POST",
								"header": [],
								"body": {
									"mode": "formdata",
									"formdata": [
										{
											"key": "id",
											"value": "1",
											"description": "ID của list (int)",
											"type": "text"
										},
										{
											"key": "name",
											"value": "Test 2",
											"description": "Tên mới của list",
											"type": "text"
										},
										{
											"key": "fields[0][key]",
											"value": "address",
											"description": "Extra field mới ( field cũ sẽ remove)",
											"type": "text"
										},
										{
											"key": "fields[0][default_value]",
											"value": "85 Vũ Trọng Phụng",
											"description": "Giá trị mặc định của extra field",
											"type": "text"
										}
									]
								},
								"url": {
									"raw": "{{uri_app}}/list/edit",
									"host": [
										"{{uri_app}}"
									],
									"path": [
										"list",
										"edit"
									]
								}
							},
							"response": []
						},
						{
							"name": "Xóa list",
							"request": {
								"auth": {
									"type": "bearer",
									"bearer": [
										{
											"key": "token",
											"value": "{{token}}",
											"type": "string"
										}
									]
								},
								"method": "POST",
								"header": [],
								"body": {
									"mode": "formdata",
									"formdata": [
										{
											"key": "id",
											"value": "1",
											"description": "ID list (int)",
											"type": "text"
										}
									]
								},
								"url": {
									"raw": "{{uri_app}}/list/remove",
									"host": [
										"{{uri_app}}"
									],
									"path": [
										"list",
										"remove"
									]
								}
							},
							"response": []
						},
						{
							"name": "Chi tiết 1 list",
							"request": {
								"auth": {
									"type": "bearer",
									"bearer": [
										{
											"key": "token",
											"value": "{{token}}",
											"type": "string"
										}
									]
								},
								"method": "GET",
								"header": [],
								"body": {},
								"url": {
									"raw": "{{uri_app}}/list/detail?id=1",
									"host": [
										"{{uri_app}}"
									],
									"path": [
										"list",
										"detail"
									],
									"query": [
										{
											"key": "id",
											"value": "1",
											"description": "ID list (int)"
										}
									]
								}
							},
							"response": []
						}
					],
					"_postman_isSubFolder": true
				},
				{
					"name": "Contact",
					"item": [],
					"_postman_isSubFolder": true
				},
				{
					"name": "Automation",
					"item": [],
					"_postman_isSubFolder": true
				}
			]
		},
		{
			"name": "Public",
			"item": [
				{
					"name": "Auth",
					"item": [
						{
							"name": "Login ",
							"event": [
								{
									"listen": "test",
									"script": {
										"id": "a27cc34d-22c9-434f-a9fd-baaced8f6aa5",
										"type": "text/javascript",
										"exec": [
											"var jsonData = JSON.parse(responseBody);",
											"postman.setEnvironmentVariable(\"token\", jsonData.data.access_token)"
										]
									}
								}
							],
							"request": {
								"auth": {
									"type": "noauth"
								},
								"method": "POST",
								"header": [],
								"body": {
									"mode": "formdata",
									"formdata": [
										{
											"key": "username",
											"value": "demo",
											"sessionValue": "tuannguyenanh@vccorp.vn",
											"type": "text"
										},
										{
											"key": "password",
											"value": "test",
											"sessionValue": "123123",
											"type": "text"
										}
									]
								},
								"url": {
									"raw": "{{uri_public}}/{{version}}/auth/login",
									"host": [
										"{{uri_public}}"
									],
									"path": [
										"{{version}}",
										"auth",
										"login"
									]
								}
							},
							"response": []
						}
					],
					"_postman_isSubFolder": true
				},
				{
					"name": "Campaign",
					"item": [
						{
							"name": "Create Campaign",
							"request": {
								"auth": {
									"type": "oauth2",
									"oauth2": [
										{
											"key": "accessToken",
											"value": "{{token}}",
											"type": "string"
										},
										{
											"key": "addTokenTo",
											"value": "header",
											"type": "string"
										}
									]
								},
								"method": "POST",
								"header": [],
								"body": {
									"mode": "formdata",
									"formdata": [
										{
											"key": "name",
											"value": "Đây là tên chiến dịch",
											"sessionValue": "Đây là tên chiến dịch",
											"type": "text"
										}
									]
								},
								"url": {
									"raw": "{{uri_public}}/{{version}}/users/:uvid/campaigns",
									"host": [
										"{{uri_public}}"
									],
									"path": [
										"{{version}}",
										"users",
										":uvid",
										"campaigns"
									],
									"variable": [
										{
											"key": "uvid",
											"value": "Mq9RISWr4DKcVpLTQUly563a4cdb6f702",
											"description": "Unique vietid"
										}
									]
								}
							},
							"response": []
						},
						{
							"name": "Search Campaign",
							"event": [
								{
									"listen": "test",
									"script": {
										"id": "129ace88-2721-41fc-ae71-185e177aaf47",
										"type": "text/javascript",
										"exec": [
											""
										]
									}
								}
							],
							"request": {
								"auth": {
									"type": "oauth2",
									"oauth2": [
										{
											"key": "accessToken",
											"value": "{{token}}",
											"type": "string"
										},
										{
											"key": "tokenType",
											"value": "Bearer",
											"type": "string"
										},
										{
											"key": "addTokenTo",
											"value": "header",
											"type": "string"
										}
									]
								},
								"method": "GET",
								"header": [],
								"body": {},
								"url": {
									"raw": "{{uri_public}}/{{version}}/users/:uvid/campaigns",
									"host": [
										"{{uri_public}}"
									],
									"path": [
										"{{version}}",
										"users",
										":uvid",
										"campaigns"
									],
									"variable": [
										{
											"key": "uvid",
											"value": "Mq9RISWr4DKcVpLTQUly563a4cdb6f702"
										}
									]
								}
							},
							"response": []
						}
					],
					"_postman_isSubFolder": true
				},
				{
					"name": "List",
					"item": [
						{
							"name": "Create list",
							"request": {
								"auth": {
									"type": "oauth2",
									"oauth2": [
										{
											"key": "accessToken",
											"value": "{{token}}",
											"type": "string"
										},
										{
											"key": "tokenType",
											"value": "Bearer",
											"type": "string"
										},
										{
											"key": "addTokenTo",
											"value": "header",
											"type": "string"
										}
									]
								},
								"method": "POST",
								"header": [],
								"body": {
									"mode": "formdata",
									"formdata": [
										{
											"key": "campaign_id",
											"value": "1513",
											"sessionValue": "222222",
											"description": "ID Campaign(int)",
											"type": "text",
											"disabled": true
										},
										{
											"key": "name",
											"value": "Đây là list",
											"sessionValue": "Đây là list",
											"description": "Tên List",
											"type": "text"
										},
										{
											"key": "fields",
											"value": "{\"name\":\"\",\"phone\":\"0912345678\",\"address\":\"\"}",
											"sessionValue": "name",
											"description": "Field thông tin khác của subscribe (Ex : name, address, phone)",
											"type": "text",
											"disabled": true
										}
									]
								},
								"url": {
									"raw": "{{uri_public}}/{{version}}/users/:uvid/lists",
									"host": [
										"{{uri_public}}"
									],
									"path": [
										"{{version}}",
										"users",
										":uvid",
										"lists"
									],
									"variable": [
										{
											"key": "uvid",
											"value": "Mq9RISWr4DKcVpLTQUly563a4cdb6f702"
										}
									]
								}
							},
							"response": []
						},
						{
							"name": "Search list",
							"request": {
								"auth": {
									"type": "oauth2",
									"oauth2": [
										{
											"key": "accessToken",
											"value": "{{token}}",
											"type": "string"
										},
										{
											"key": "tokenType",
											"value": "Bearer",
											"type": "string"
										},
										{
											"key": "addTokenTo",
											"value": "header",
											"type": "string"
										}
									]
								},
								"method": "GET",
								"header": [],
								"body": {},
								"url": {
									"raw": "{{uri_public}}/{{version}}/users/:uvid/lists?conditions[name]=huy&sortBy=name&sortOrder=DESC&limit=30&page=1",
									"host": [
										"{{uri_public}}"
									],
									"path": [
										"{{version}}",
										"users",
										":uvid",
										"lists"
									],
									"query": [
										{
											"key": "conditions[name]",
											"value": "huy",
											"description": "Search like name list"
										},
										{
											"key": "conditions[campaign_id]",
											"value": "1516",
											"description": "Search theo campaign id",
											"disabled": true
										},
										{
											"key": "sortBy",
											"value": "name",
											"description": "field orderBy"
										},
										{
											"key": "sortOrder",
											"value": "DESC",
											"description": "ASC OR DESC"
										},
										{
											"key": "limit",
											"value": "30",
											"description": "per page"
										},
										{
											"key": "page",
											"value": "1",
											"description": "curent page"
										}
									],
									"variable": [
										{
											"key": "uvid",
											"value": "Mq9RISWr4DKcVpLTQUly563a4cdb6f702",
											"description": "Unique Viet ID"
										}
									]
								}
							},
							"response": []
						}
					],
					"_postman_isSubFolder": true
				},
				{
					"name": "Subscribe",
					"item": [
						{
							"name": "Import Subscribe To List",
							"request": {
								"auth": {
									"type": "oauth2",
									"oauth2": [
										{
											"key": "accessToken",
											"value": "{{token}}",
											"type": "string"
										},
										{
											"key": "tokenType",
											"value": "Bearer",
											"type": "string"
										},
										{
											"key": "addTokenTo",
											"value": "header",
											"type": "string"
										}
									]
								},
								"method": "POST",
								"header": [],
								"body": {
									"mode": "formdata",
									"formdata": [
										{
											"key": "file",
											"value": "",
											"sessionValue": null,
											"description": "Support : xls, xlsx ",
											"type": "file",
											"disabled": true
										},
										{
											"key": "list",
											"value": "[{\"email\":\"tuan@gmail.com\",\"name\":\"Tu\\u1ea5n\"},{\"email\":\"huy@gmail.com\",\"name\":\"Huy\"}]",
											"sessionValue": "[{\"email\":\"tuan@gmail.com\",\"name\":\"Tu\\u1ea5n\"},{\"email\":\"huy@gmail.com\",\"name\":\"Huy\"}]",
											"description": "Json data",
											"type": "text"
										}
									]
								},
								"url": {
									"raw": "{{uri_public}}/{{version}}/users/:uvid/lists/:list_id/subscribes/import",
									"host": [
										"{{uri_public}}"
									],
									"path": [
										"{{version}}",
										"users",
										":uvid",
										"lists",
										":list_id",
										"subscribes",
										"import"
									],
									"variable": [
										{
											"key": "uvid",
											"value": "Mq9RISWr4DKcVpLTQUly563a4cdb6f702"
										},
										{
											"key": "list_id",
											"value": "112"
										}
									]
								}
							},
							"response": []
						}
					],
					"_postman_isSubFolder": true
				},
				{
					"name": "CampaignTracking",
					"item": [
						{
							"name": "Search Tracking",
							"request": {
								"auth": {
									"type": "oauth2",
									"oauth2": [
										{
											"key": "accessToken",
											"value": "{{token}}",
											"type": "string"
										},
										{
											"key": "tokenType",
											"value": "Bearer",
											"type": "string"
										},
										{
											"key": "addTokenTo",
											"value": "header",
											"type": "string"
										}
									]
								},
								"method": "GET",
								"header": [],
								"body": {},
								"url": {
									"raw": "{{uri_public}}/{{version}}/campaigns/tracking?conditions[campaign_id]&conditions[event]=opened,clicked&conditions[withTrashed]=0&sortBy=updated_at&sortOrder=DESC&limit=30&page=1",
									"host": [
										"{{uri_public}}"
									],
									"path": [
										"{{version}}",
										"campaigns",
										"tracking"
									],
									"query": [
										{
											"key": "conditions[campaign_id]",
											"value": null,
											"description": "ID Campaign"
										},
										{
											"key": "conditions[event]",
											"value": "opened,clicked",
											"description": "String (Value : delivered,opened,clicked,dropped,unsubscribed,complained,bounced)"
										},
										{
											"key": "conditions[withTrashed]",
											"value": "0",
											"description": "Value : 0, 1 ( Lấy cả tracking đã xóa )"
										},
										{
											"key": "sortBy",
											"value": "updated_at",
											"description": "Sắp xếp theo field nào"
										},
										{
											"key": "sortOrder",
											"value": "DESC",
											"description": "DESC OR ASC"
										},
										{
											"key": "limit",
											"value": "30",
											"description": "Defalt = 30"
										},
										{
											"key": "page",
											"value": "1"
										}
									]
								}
							},
							"response": []
						},
						{
							"name": "Delete Tracking",
							"request": {
								"auth": {
									"type": "oauth2",
									"oauth2": [
										{
											"key": "accessToken",
											"value": "{{token}}",
											"type": "string"
										},
										{
											"key": "tokenType",
											"value": "Bearer",
											"type": "string"
										},
										{
											"key": "addTokenTo",
											"value": "header",
											"type": "string"
										}
									]
								},
								"method": "POST",
								"header": [],
								"body": {
									"mode": "formdata",
									"formdata": [
										{
											"key": "id",
											"value": "5b6b9d2f5c3e400044768ac2,5b6b9d695c3e40004529f752",
											"sessionValue": "name",
											"description": "String chuỗi id tracking",
											"type": "text"
										}
									]
								},
								"url": {
									"raw": "{{uri_public}}/{{version}}/campaigns/tracking/delete",
									"host": [
										"{{uri_public}}"
									],
									"path": [
										"{{version}}",
										"campaigns",
										"tracking",
										"delete"
									]
								}
							},
							"response": []
						}
					],
					"auth": {
						"type": "noauth"
					},
					"_postman_isSubFolder": true
				},
				{
					"name": "Automation",
					"item": [
						{
							"name": "Import Subscribe",
							"request": {
								"auth": {
									"type": "oauth2",
									"oauth2": [
										{
											"key": "accessToken",
											"value": "{{token}}",
											"type": "string"
										},
										{
											"key": "tokenType",
											"value": "Bearer",
											"type": "string"
										},
										{
											"key": "addTokenTo",
											"value": "header",
											"type": "string"
										}
									]
								},
								"method": "POST",
								"header": [],
								"body": {
									"mode": "formdata",
									"formdata": [
										{
											"key": "list",
											"value": "[{\"email\":\"tuan@gmail.com\",\"name\":\"Tu\\u1ea5n\",\"datetime\":\"01/01/2011\",\"arge\":\"dddd\"},{\"email\":\"huy@gmail.com\",\"name\":\"Huy\",\"datetime\":\"01/01/2011\"}]",
											"sessionValue": "[{\"email\":\"tuan@gmail.com\",\"name\":\"Tu\\u1ea5n\"},{\"email\":\"huy@gmail.com\",\"name\":\"Huy\"}]",
											"description": "Json data",
											"type": "text"
										},
										{
											"key": "file",
											"value": "",
											"sessionValue": null,
											"description": "Support : xls, xlsx ",
											"type": "file"
										}
									]
								},
								"url": {
									"raw": "{{uri_public}}/{{version}}/users/:uvid/automation/:automation_id/import-subscribe",
									"host": [
										"{{uri_public}}"
									],
									"path": [
										"{{version}}",
										"users",
										":uvid",
										"automation",
										":automation_id",
										"import-subscribe"
									],
									"variable": [
										{
											"key": "uvid",
											"value": "Mq9RISWr4DKcVpLTQUly563a4cdb6f702"
										},
										{
											"key": "automation_id",
											"value": "81"
										}
									]
								}
							},
							"response": []
						},
						{
							"name": "Search Automation",
							"request": {
								"auth": {
									"type": "oauth2",
									"oauth2": [
										{
											"key": "accessToken",
											"value": "{{token}}",
											"type": "string"
										},
										{
											"key": "tokenType",
											"value": "Bearer",
											"type": "string"
										},
										{
											"key": "addTokenTo",
											"value": "header",
											"type": "string"
										}
									]
								},
								"method": "GET",
								"header": [],
								"body": {},
								"url": {
									"raw": "{{uri_public}}/{{version}}/users/:uvid/automation?sortBy=name&sortOrder=DESC&limit=30&page=1",
									"host": [
										"{{uri_public}}"
									],
									"path": [
										"{{version}}",
										"users",
										":uvid",
										"automation"
									],
									"query": [
										{
											"key": "conditions[name]",
											"value": "automation",
											"description": "Automation name",
											"warning": "",
											"disabled": true
										},
										{
											"key": "sortBy",
											"value": "name",
											"description": "Sort by field",
											"warning": ""
										},
										{
											"key": "sortOrder",
											"value": "DESC",
											"description": "ASC OR DESC",
											"warning": ""
										},
										{
											"key": "limit",
											"value": "30",
											"description": "per page",
											"warning": ""
										},
										{
											"key": "page",
											"value": "1",
											"description": "current page",
											"warning": ""
										}
									],
									"variable": [
										{
											"key": "uvid",
											"value": "Mq9RISWr4DKcVpLTQUly563a4cdb6f702"
										}
									]
								}
							},
							"response": []
						},
						{
							"name": "Detail Automation",
							"request": {
								"auth": {
									"type": "oauth2",
									"oauth2": [
										{
											"key": "accessToken",
											"value": "{{token}}",
											"type": "string"
										},
										{
											"key": "tokenType",
											"value": "Bearer",
											"type": "string"
										},
										{
											"key": "addTokenTo",
											"value": "header",
											"type": "string"
										}
									]
								},
								"method": "GET",
								"header": [],
								"body": {},
								"url": {
									"raw": "{{uri_public}}/{{version}}/users/:uvid/automation/:automation_id",
									"host": [
										"{{uri_public}}"
									],
									"path": [
										"{{version}}",
										"users",
										":uvid",
										"automation",
										":automation_id"
									],
									"variable": [
										{
											"key": "uvid",
											"value": "Mq9RISWr4DKcVpLTQUly563a4cdb6f702"
										},
										{
											"key": "automation_id",
											"value": "81"
										}
									]
								}
							},
							"response": []
						}
					],
					"_postman_isSubFolder": true
				}
			]
		}
	]
}